,flatterrain,stepterrain,high_friction,low_friction
MPC,3.5150802393728138,18.904952032329184,4.051139899637351,3.835489928391654
CAMPC,3.515081016439641,7.733546303628556,4.043898711555997,3.8450261299667465
